{
    "0": {
        "r": 0.5038173041321089,
        "lens_angle": 0.8011167623273,
        "center.1": 107.42005513173021,
        "center.0": 51.39732362835196,
        "center.2": 22.2080691115714,
        "n": 1.528656475233994
    },
    "1": {
        "r": 0.5096850498294576,
        "lens_angle": 0.8159908272078132,
        "center.1": 107.42154505145507,
        "center.0": 51.39859688838041,
        "center.2": 21.42360219528361,
        "n": 1.5231352844150075
    },
    "2": {
        "r": 0.4994217961751736,
        "lens_angle": 0.8047834236426005,
        "center.1": 107.39743103246502,
        "center.0": 51.428866426409854,
        "center.2": 20.439840018089917,
        "n": 1.5318416498817735
    },
    "3": {
        "r": 0.5041154236748955,
        "lens_angle": 0.8617236047243824,
        "center.1": 107.39213383688381,
        "center.0": 51.439771313816,
        "center.2": 19.32411850785154,
        "n": 1.528344969313335
    },
    "4": {
        "r": 0.5095195783236423,
        "lens_angle": 0.8169436064741501,
        "center.1": 107.38025687951733,
        "center.0": 51.451589062841556,
        "center.2": 18.35454256472094,
        "n": 1.5199319334371253
    },
    "5": {
        "r": 0.5182463051687476,
        "lens_angle": 0.7989932855505495,
        "center.1": 107.37567711346288,
        "center.0": 51.439885219348774,
        "center.2": 17.462616149231415,
        "n": 1.5149987438283499
    },
    "6": {
        "r": 0.5119980930320558,
        "lens_angle": 0.794143076545043,
        "center.1": 107.39342164913698,
        "center.0": 51.430853878422816,
        "center.2": 16.855481098431852,
        "n": 1.5202397521140278
    },
    "7": {
        "r": 0.502051819134611,
        "lens_angle": 0.8136395739209787,
        "center.1": 107.38449956686402,
        "center.0": 51.45037784310928,
        "center.2": 16.057051954488937,
        "n": 1.5273375158157203
    },
    "8": {
        "r": 0.500194676727681,
        "lens_angle": 0.8150502596577056,
        "center.1": 107.37608580897309,
        "center.0": 51.45717650525693,
        "center.2": 15.323219820000807,
        "n": 1.526472326165104
    },
    "9": {
        "r": 0.49531032388677715,
        "lens_angle": 0.7646071904634716,
        "center.1": 107.35722342491171,
        "center.0": 51.43578685945817,
        "center.2": 14.50761846685275,
        "n": 1.5303365307736263
    },
    "10": {
        "r": 0.49447334433498036,
        "lens_angle": 0.7956266176434806,
        "center.1": 107.36123540025004,
        "center.0": 51.44492056278822,
        "center.2": 13.553698871265922,
        "n": 1.5347381719140691
    },
    "11": {
        "r": 0.49703724322562703,
        "lens_angle": 0.8926501819488278,
        "center.1": 107.35017064658318,
        "center.0": 51.43759627154466,
        "center.2": 12.26649911747076,
        "n": 1.5332700738873928
    },
    "12": {
        "r": 0.4945755712259432,
        "lens_angle": 0.7826388649896656,
        "center.1": 107.3379703986152,
        "center.0": 51.45149842614405,
        "center.2": 11.308369935548475,
        "n": 1.5343120700914525
    },
    "13": {
        "r": 0.48368382326737347,
        "lens_angle": 0.5778322370061086,
        "center.1": 107.34148187687822,
        "center.0": 51.44165972034976,
        "center.2": 10.254202913908214,
        "n": 1.548551926266755
    },
    "14": {
        "r": 0.4929582034707402,
        "lens_angle": 0.6498686376035736,
        "center.1": 107.33947508058858,
        "center.0": 51.435798292131715,
        "center.2": 9.481324614298309,
        "n": 1.5393580649178409
    },
    "15": {
        "r": 0.47944166122091203,
        "lens_angle": 0.6272595158252854,
        "center.1": 107.33325137966546,
        "center.0": 51.44370588889354,
        "center.2": 8.842409270757306,
        "n": 1.552463289652096
    },
    "16": {
        "r": 0.4592272265131614,
        "lens_angle": 0.48832490530523726,
        "center.1": 107.33551641280837,
        "center.0": 51.43825748980405,
        "center.2": 7.984888011214914,
        "n": 1.5749829688477142
    },
    "17": {
        "r": 0.4560951961336926,
        "lens_angle": 0.5117098320816303,
        "center.1": 107.33884212655406,
        "center.0": 51.4302806742901,
        "center.2": 7.241246394522164,
        "n": 1.5763438419895868
    },
    "18": {
        "r": 0.44673686624166653,
        "lens_angle": 0.4831739090764443,
        "center.1": 107.35196916311915,
        "center.0": 51.430708775094764,
        "center.2": 6.056324023380754,
        "n": 1.5928145258318787
    },
    "19": {
        "r": 0.44873242052278733,
        "lens_angle": 0.6148110845438257,
        "center.1": 107.3432989885577,
        "center.0": 51.408915314504995,
        "center.2": 4.975568188913704,
        "n": 1.5822671739065615
    },
    "20": {
        "r": 0.43872866004751543,
        "lens_angle": 0.7066809955728611,
        "center.1": 107.33766474365949,
        "center.0": 51.395619722446334,
        "center.2": 3.9949511002957543,
        "n": 1.5788036412279796
    },
    "21": {
        "r": 0.37870793813831005,
        "lens_angle": 0.6542059273593712,
        "center.1": 107.34315578341608,
        "center.0": 51.383853811978724,
        "center.2": 3.1005052407398246,
        "n": 1.6404950039447994
    },
    "22": {
        "r": 0.3584031753464412,
        "lens_angle": 0.7875254119846694,
        "center.1": 107.33610343518632,
        "center.0": 51.38679272960351,
        "center.2": 2.327087775470745,
        "n": 1.6206873411656977
    },
    "23": {
        "r": 0.3285805121957973,
        "lens_angle": 1.1957109401140869,
        "center.1": 107.33306762753938,
        "center.0": 51.389237196368,
        "center.2": 1.6225111496937004,
        "n": 1.5898849349752917
    },
    "24": {
        "r": 0.23285138709168307,
        "lens_angle": 0.7642408870367566,
        "center.1": 107.32353287503041,
        "center.0": 51.387928354968494,
        "center.2": 1.0767310580473495,
        "n": 1.7009111393545162
    },
    "25": {
        "r": 0.6609555388028918,
        "lens_angle": 0.7059004387076555,
        "center.1": 107.31907582748659,
        "center.0": 51.43870199066881,
        "center.2": -3.101818074883301,
        "n": 1.3734757710252121
    },
    "26": {
        "r": 0.6475060380489664,
        "lens_angle": 0.7947669955137655,
        "center.1": 107.30619849773473,
        "center.0": 51.432455510904035,
        "center.2": -2.395932929229208,
        "n": 1.4058231787118167
    },
    "27": {
        "r": 0.5092695073989807,
        "lens_angle": 0.7820948763557829,
        "center.1": 107.29541944236243,
        "center.0": 51.40271357841593,
        "center.2": -2.7679903250187223,
        "n": 1.4947011139347153
    },
    "28": {
        "r": 0.5270808711005635,
        "lens_angle": 0.4500053283745767,
        "center.1": 107.29910075571979,
        "center.0": 51.398116858007526,
        "center.2": -4.259152733723357,
        "n": 1.4768586630671434
    },
    "29": {
        "r": 0.551677516688945,
        "lens_angle": 0.52177147665742,
        "center.1": 107.29574601798615,
        "center.0": 51.38885596481196,
        "center.2": -4.91606032495774,
        "n": 1.4965482105122405
    },
    "30": {
        "r": 0.5017716252131278,
        "lens_angle": 0.8237544739631958,
        "center.1": 107.29437376067712,
        "center.0": 51.378256601705054,
        "center.2": -5.499533049228321,
        "n": 1.5281886629672006
    },
    "31": {
        "r": 0.5107208041031668,
        "lens_angle": 0.7716126850856071,
        "center.1": 107.29128876538404,
        "center.0": 51.375989417130626,
        "center.2": -6.183047925806234,
        "n": 1.5247484407391505
    },
    "32": {
        "r": 0.5351693263019696,
        "lens_angle": 0.5658922610317179,
        "center.1": 107.29420465305567,
        "center.0": 51.38995735699926,