{
    "0": {
        "x": 51.39733172795715,
        "r": 0.5036814877210628,
        "z": 22.208884769951304,
        "lens_angle": 0.9875064368206058,
        "n": 1.5287899306716715,
        "y": 107.42007918783342
    },
    "1": {
        "x": 51.398596900265666,
        "r": 0.509686122878691,
        "z": 21.423598314667565,
        "lens_angle": 0.815990947686706,
        "n": 1.5231344032508212,
        "y": 107.42154506978963
    },
    "2": {
        "x": 51.42890701116377,
        "r": 0.4995906318011715,
        "z": 20.43907573207898,
        "lens_angle": 0.9320729374262946,
        "n": 1.5316936430223618,
        "y": 107.3974332378579
    },
    "3": {
        "x": 51.439812897151455,
        "r": 0.5040662234657399,
        "z": 19.324464444828305,
        "lens_angle": 0.7953359166254587,
        "n": 1.5283710295574686,
        "y": 107.39213296405414
    },
    "4": {
        "x": 51.45158909484775,
        "r": 0.5095203137559882,
        "z": 18.35454032237739,
        "lens_angle": 0.8169436738266066,
        "n": 1.5199313676725028,
        "y": 107.38025688757149
    },
    "5": {
        "x": 51.43988513565266,
        "r": 0.5182454543608236,
        "z": 17.462618879739615,
        "lens_angle": 0.7989932275560518,
        "n": 1.514999365285673,
        "y": 107.37567709064943
    },
    "6": {
        "x": 51.43084152877635,
        "r": 0.511973845239673,
        "z": 16.85628116542386,
        "lens_angle": 0.9830912594265047,
        "n": 1.5202815554430387,
        "y": 107.39342613443507
    },
    "7": {
        "x": 51.45494706219481,
        "r": 0.46930591860963145,
        "z": 16.07096725218216,
        "lens_angle": 0.45936092341191753,
        "n": 1.5613690687434123,
        "y": 107.38625516689567
    },
    "8": {
        "x": 51.46149489863738,
        "r": 0.4567580125434291,
        "z": 15.285247471980949,
        "lens_angle": 0.43495206859895025,
        "n": 1.57478365207171,
        "y": 107.37738927687413
    },
    "9": {
        "x": 51.43735200777286,
        "r": 0.46038055937911415,
        "z": 14.438022166542863,
        "lens_angle": 0.448506835388146,
        "n": 1.5689160409919058,
        "y": 107.35832343293565
    },
    "10": {
        "x": 51.44558228531207,
        "r": 0.46708174726627993,
        "z": 13.578321631322249,
        "lens_angle": 0.5355812770959996,
        "n": 1.562230632589746,
        "y": 107.36147755508414
    },
    "11": {
        "x": 51.437906341295424,
        "r": 0.4674476717679931,
        "z": 12.203493327946784,
        "lens_angle": 0.4876369845298741,
        "n": 1.5652579448897899,
        "y": 107.34962148903493
    },
    "12": {
        "x": 51.452182587903145,
        "r": 0.46948020775397503,
        "z": 11.262117609656666,
        "lens_angle": 0.5073048880892405,
        "n": 1.5628588669170689,
        "y": 107.3378598412657
    },
    "13": {
        "x": 51.443191057691216,
        "r": 0.46328673000241316,
        "z": 10.07314507252717,
        "lens_angle": 0.43695609662778107,
        "n": 1.5696601846778886,
        "y": 107.34111566491103
    },
    "14": {
        "x": 51.43677805734921,
        "r": 0.46108633856673725,
        "z": 9.430886520616099,
        "lens_angle": 0.5030458725697637,
        "n": 1.5698166909250575,
        "y": 107.33933312126779
    },
    "15": {
        "x": 51.44403212298424,
        "r": 0.4550980584133658,
        "z": 8.796045929108816,
        "lens_angle": 0.5211053996683179,
        "n": 1.5755565468742159,
        "y": 107.33354539393412
    },
    "16": {
        "x": 51.438257427968814,
        "r": 0.45922662214282656,
        "z": 7.984890326843139,
        "lens_angle": 0.48832476871336783,
        "n": 1.5749836471088614,
        "y": 107.33551642032761
    },
    "17": {
        "x": 51.43028053536736,
        "r": 0.45609400003736184,
        "z": 7.24125109756218,
        "lens_angle": 0.5117094308163909,
        "n": 1.576345216234562,
        "y": 107.33884215578138
    },
    "18": {
        "x": 51.430708772178775,
        "r": 0.4467370245081069,
        "z": 6.056323236086907,
        "lens_angle": 0.48317406240363076,
        "n": 1.5928142822598297,
        "y": 107.35196916916267
    },
    "19": {
        "x": 51.40891530895528,
        "r": 0.4487320552243953,
        "z": 4.9755698498278,
        "lens_angle": 0.6148107473129748,
        "n": 1.5822676054266238,
        "y": 107.34329899223675
    },
    "20": {
        "x": 51.39561971036759,
        "r": 0.43872843956802793,
        "z": 3.994952820654496,
        "lens_angle": 0.7066807077655974,
        "n": 1.578804004411645,
        "y": 107.33766472284397
    },
    "21": {
        "x": 51.38446730907555,
        "r": 0.3590211781853902,
        "z": 3.0506208125421015,
        "lens_angle": 0.529451167646319,
        "n": 1.6941887326174154,
        "y": 107.34301284534074
    },
    "22": {
        "x": 51.38550040872656,
        "r": 0.3069604281563386,
        "z": 2.4961564935855174,
        "lens_angle": 0.5670166341256193,
        "n": 1.7829921259649841,
        "y": 107.33875610827428
    },
    "23": {
        "x": 51.38882821183632,
        "r": 0.24909334886417753,
        "z": 2.0470729680178206,
        "lens_angle": 0.5904987542791853,
        "n": 1.9432720643661794,
        "y": 107.33412031074907
    },
    "24": {
        "x": 51.388079462357396,
        "r": 0.18940015008309988,
        "z": 1.2892519910018319,
        "lens_angle": 0.7352592981225325,
        "n": 2.011391326895321,
        "y": 107.32335767606577
    },
    "25": {
        "x": 51.43870611393454,
        "r": 0.6615500446975722,
        "z": -3.104126566105259,
        "lens_angle": 0.7055796475232297,
        "n": 1.3734356824440361,
        "y": 107.31904341717227
    },
    "26": {
        "x": 51.431103908641745,
        "r": 0.5872132610938293,
        "z": -2.1510261557992036,
        "lens_angle": 0.8317003055837834,
        "n": 1.4200690159884013,
        "y": 107.30653663560544
    },
    "27": {
        "x": 51.402804091406104,
        "r": 0.7208841478191732,
        "z": -1.7869357169078701,
        "lens_angle": 0.41091842003495094,
        "n": 1.483235900780905,
        "y": 107.29378610203986
    },
    "28": {
        "x": 51.39311714355857,
        "r": 0.8919514408626708,
        "z": -2.1420611935408145,
        "lens_angle": 0.6240915697361877,
        "n": 1.441279490323416,
        "y": 107.30004846764669
    },
    "29": {
        "x": 51.38883398636161,
        "r": 0.5292041359209629,
        "z": -4.887330648165639,
        "lens_angle": 0.535889035096323,
        "n": 1.5101338207008368,
        "y": 107.29575926085283
    },
    "30": {
        "x": 51.37816537039791,
        "r": 0.5137936250526784,
        "z": -5.506842766162476,
        "lens_angle": 0.5075969744373136,
        "n": 1.5298889175955552,
        "y": 107.29442684443417
    },
    "31": {
        "x": 51.376012298675136,
        "r": 0.5102392295457137,
        "z": -6.169848614843643,
        "lens_angle": 0.5428952818848493,
        "n": 1.5318588919995275,
        "y": 107.29099570143686
    },
    "32": {
        "x": 51.38946504156763,
        "r": 0.5288219769572513,
        "z": -7.036359285540551,
        "lens_angle": 0.5670670979515452,
        "n": 1.5212789990388162,
        "y": 107.29420976680755
    },
    "33": {
        "x": 51.39316938701004,
        "r": 0.47740375627120946,
        "z": -7.831763054430202,
        "lens_angle": 0.48772710566433475,
        "n": 1.56746633484109,
        "y": 107.28829466346264
    },
    "34": {
        "x": 51.387002931006506,
        "r": 0.520611908794643,
        "z": -9.057724389357075,
        "lens_angle": 0.5012178148557732,
        "n": 1.5282375187747088,
        "y": 107.28007362311102
    },
    "35": {
        "x": 51.39416499695828,
        "r": 0.5189899212280001,
        "z": -10.199528534131497,
        "lens_angle": 0.5693396442369264,