{
    "0": {
        "lens_angle": 0.9875063421747257,
        "r": 0.503680319691216,
        "n": 1.5287909486871263,
        "y": 107.42007915911944,
        "z": 22.208889305553434,
        "x": 51.397331727286065
    },
    "1": {
        "lens_angle": 0.8159908272078132,
        "r": 0.5096850498294576,
        "n": 1.5231352844150075,
        "y": 107.42154505145507,
        "z": 21.42360219528361,
        "x": 51.39859688838041
    },
    "2": {
        "lens_angle": 0.9320730249452017,
        "r": 0.4995915623763489,
        "n": 1.5316928243506145,
        "y": 107.39743323646299,
        "z": 20.439072347868045,
        "x": 51.428907025801344
    },
    "3": {
        "lens_angle": 0.7953360245888405,
        "r": 0.5040671384470268,
        "n": 1.528370257968841,
        "y": 107.39213295101452,
        "z": 19.324461279145474,
        "x": 51.4398129024613
    },
    "4": {
        "lens_angle": 0.8169436064741501,
        "r": 0.5095195783236423,
        "n": 1.5199319334371253,
        "y": 107.38025687951733,
        "z": 18.35454256472094,
        "x": 51.451589062841556
    },
    "5": {
        "lens_angle": 0.7989932855505495,
        "r": 0.5182463051687476,
        "n": 1.5149987438283499,
        "y": 107.37567711346288,
        "z": 17.462616149231415,
        "x": 51.439885219348774
    },
    "6": {
        "lens_angle": 0.9830911157955426,
        "r": 0.5119732053820106,
        "n": 1.520282060265312,
        "y": 107.393426128928,
        "z": 16.85628356977209,
        "x": 51.43084145886765
    },
    "7": {
        "lens_angle": 0.4593612471490049,
        "r": 0.4693063875270162,
        "n": 1.5613684849656375,
        "y": 107.38625518019352,
        "z": 16.070964585277682,
        "x": 51.454947073498886
    },
    "8": {
        "lens_angle": 0.43495226988005053,
        "r": 0.45675819540097934,
        "n": 1.5747833684424568,
        "y": 107.37738926744899,
        "z": 15.285246013838488,
        "x": 51.461494879190866
    },
    "9": {
        "lens_angle": 0.44850658332862575,
        "r": 0.46038032629265807,
        "n": 1.5689163726652096,
        "y": 107.35832342494082,
        "z": 14.438023643427545,
        "x": 51.43735201113072
    },
    "10": {
        "lens_angle": 0.5355817851272227,
        "r": 0.4670823439068745,
        "n": 1.562229957390918,
        "y": 107.36147755861148,
        "z": 13.578319065350275,
        "x": 51.445582301893914
    },
    "11": {
        "lens_angle": 0.48763682217983034,
        "r": 0.46744792764224896,
        "n": 1.5652576863783032,
        "y": 107.34962149980116,
        "z": 12.203492464389251,
        "x": 51.43790636495886
    },
    "12": {
        "lens_angle": 0.5073047698202322,
        "r": 0.4694807056642227,
        "n": 1.562858357991379,
        "y": 107.33785985013363,
        "z": 11.262115941566936,
        "x": 51.45218265236771
    },
    "13": {
        "lens_angle": 0.4369560751902794,
        "r": 0.4632865485928159,
        "n": 1.5696603925434656,
        "y": 107.34111565918593,
        "z": 10.073145916783947,
        "x": 51.44319102225302
    },
    "14": {
        "lens_angle": 0.5030459032537075,
        "r": 0.46108679010507214,
        "n": 1.5698161988605615,
        "y": 107.33933310361905,
        "z": 9.430884901821571,
        "x": 51.43677808859722
    },
    "15": {
        "lens_angle": 0.5211053109208706,
        "r": 0.4550974992719592,
        "n": 1.5755571766522973,
        "y": 107.33354540197782,
        "z": 8.79604788722537,
        "x": 51.44403207743787
    },
    "16": {
        "lens_angle": 0.48832490530523726,
        "r": 0.4592272265131614,
        "n": 1.5749829688477142,
        "y": 107.33551641280837,
        "z": 7.984888011214914,
        "x": 51.43825748980405
    },
    "17": {
        "lens_angle": 0.5117092849891628,
        "r": 0.45609357234006337,
        "n": 1.57634570995182,
        "y": 107.33884216540308,
        "z": 7.241252797323036,
        "x": 51.43028048721285
    },
    "18": {
        "lens_angle": 0.4831739090764443,
        "r": 0.44673686624166653,
        "n": 1.5928145258318787,
        "y": 107.35196916311915,
        "z": 6.056324023380754,
        "x": 51.430708775094764
    },
    "19": {
        "lens_angle": 0.6148110845438257,
        "r": 0.44873242052278733,
        "n": 1.5822671739065615,
        "y": 107.3432989885577,
        "z": 4.975568188913704,
        "x": 51.408915314504995
    },
    "20": {
        "lens_angle": 0.7066809584569309,
        "r": 0.4387286213105865,
        "n": 1.578803717004177,
        "y": 107.33766473938975,
        "z": 3.994951510162207,
        "x": 51.39561972005785
    },
    "21": {
        "lens_angle": 0.5294507282569497,
        "r": 0.35902103973927546,
        "n": 1.6941892850571567,
        "y": 107.34301287439932,
        "z": 3.0506226658786733,
        "x": 51.38446729813597
    },
    "22": {
        "lens_angle": 0.567016116145711,
        "r": 0.3069603006937369,
        "n": 1.7829927841019524,
        "y": 107.33875610282715,
        "z": 2.4961583892819332,
        "x": 51.38550039609713
    },
    "23": {
        "lens_angle": 0.5904987542791853,
        "r": 0.24909334886417753,
        "n": 1.9432720643661794,
        "y": 107.33412031074907,
        "z": 2.0470729680178206,
        "x": 51.38882821183632
    },
    "24": {
        "lens_angle": 0.7642408870367566,
        "r": 0.23285138709168307,
        "n": 1.7009111393545162,
        "y": 107.32353287503041,
        "z": 1.0767310580473495,
        "x": 51.387928354968494
    },
    "25": {
        "lens_angle": 0.7059004387076555,
        "r": 0.6609555388028918,
        "n": 1.3734757710252121,
        "y": 107.31907582748659,
        "z": -3.101818074883301,
        "x": 51.43870199066881
    },
    "26": {
        "lens_angle": 0.844621850838017,
        "r": 0.5982937176243126,
        "n": 1.4159753756105993,
        "y": 107.30625481634479,
        "z": -2.1887118942691517,
        "x": 51.4317163091035
    },
    "27": {
        "lens_angle": 0.41091842003495094,
        "r": 0.7208841478191732,
        "n": 1.483235900780905,
        "y": 107.29378610203986,
        "z": -1.7869357169078701,
        "x": 51.402804091406104
    },
    "28": {
        "lens_angle": 0.6240915697361877,
        "r": 0.8919514408626708,
        "n": 1.441279490323416,
        "y": 107.30004846764669,
        "z": -2.1420611935408145,
        "x": 51.39311714355857
    },
    "29": {
        "lens_angle": 0.52177147665742,
        "r": 0.551677516688945,
        "n": 1.4965482105122405,
        "y": 107.29574601798615,
        "z": -4.91606032495774,
        "x": 51.38885596481196
    },
    "30": {
        "lens_angle": 0.48993819827399515,
        "r": 0.5123864898392028,
        "n": 1.5291145443218315,
        "y": 107.29437370465875,
        "z": -5.488457026470427,
        "x": 51.37818204463325
    },
    "31": {
        "lens_angle": 0.5428952818848493,
        "r": 0.5102392295457137,
        "n": 1.5318588919995275,
        "y": 107.29099570143686,
        "z": -6.169848614843643,
        "x": 51.376012298675136
    },
    "32": {
        "lens_angle": 0.5658922610317179,
        "r": 0.5351693263019696,
        "n": 1.515265411785593,
        "y": 107.29420465305567,
        "z": -7.076761146780197,
        "x": 51.38995735699926
    },
    "33": {
        "lens_angle": 0.4792931620303056,
        "r": 0.4790789100074388,
        "n": 1.566927028216229,
        "y": 107.28831371788168,
        "z": -7.82493466127345,
        "x": 51.39318820801432
    },
    "34": {
        "lens_angle": 0.5012178148557732,
        "r": 0.520611908794643,
        "n": 1.5282375187747088,
        "y": 107.28007362311102,
        "z": -9.057724389357075,
        "x": 51.387002931006506
    },
    "35": {
        "lens_angle": 0.5693160325823879,
        "r": 0.5188713269696228,
        "n": 1.5306196622197488,
        "y": 107.27534644003629,