{
    "0": {
        "x": 22.44362953055174,
        "y": 22.37678512102899,
        "z": 15.07593191794283,
        "n": 1.5993794719173569,
        "r": 1.1689990965190789,
        "alpha": 0.6539569014288592,
        "lens_angle": -3.5639763998158234
    },
    "1": {
        "x": 22.37088800517263,
        "y": 22.35175307572055,
        "z": 16.12759022196691,
        "n": 1.5996086570301347,
        "r": 1.165314276452921,
        "alpha": 0.6777190971751107,
        "lens_angle": -3.5445940163006244
    },
    "2": {
        "x": 22.366075133745635,
        "y": 22.467673169046037,
        "z": 13.810596069612783,
        "n": 1.6063978170959343,
        "r": 1.1647005586053834,
        "alpha": 0.6362582908475971,
        "lens_angle": -3.5786421015230334
    },
    "3": {
        "x": 22.405611382165855,
        "y": 22.384980126937325,
        "z": 13.766640128885166,
        "n": 1.6050910830915703,
        "r": 1.164024874510378,
        "alpha": 0.6373371535530615,
        "lens_angle": -3.609456586692062
    },
    "4": {
        "x": 22.379897742615736,
        "y": 22.351768324738305,
        "z": 13.044108259855706,
        "n": 1.6040454490709066,
        "r": 1.1644778761241454,
        "alpha": 0.6285851160411331,
        "lens_angle": -3.59435592191701
    },
    "5": {
        "x": 22.386425736782037,
        "y": 22.394716105740006,
        "z": 15.191062339081988,
        "n": 1.6009886242221092,
        "r": 1.1646116379862315,
        "alpha": 0.6632778194504924,
        "lens_angle": -3.55360601962071
    },
    "6": {
        "x": 22.53246922190978,
        "y": 22.441111415652877,
        "z": 14.178450623403721,
        "n": 1.6011724102809586,
        "r": 1.1648925883589178,
        "alpha": 0.6425285956411109,
        "lens_angle": -3.586624552139446
    },
    "7": {
        "x": 22.47656719703752,
        "y": 22.4527669246934,
        "z": 13.474617298323945,
        "n": 1.6063482850856379,
        "r": 1.161365979535949,
        "alpha": 0.6234454471875248,
        "lens_angle": -3.5910654352839684
    },
    "8": {
        "x": 22.40711504914494,
        "y": 22.296033338448627,
        "z": 13.971906273599982,
        "n": 1.6030591955573463,
        "r": 1.161685198324587,
        "alpha": 0.6379848656439978,
        "lens_angle": -3.5553678373240514
    },
    "9": {
        "x": 22.39829277131762,
        "y": 22.303014782033113,
        "z": 14.378455099748468,
        "n": 1.6023640179459362,
        "r": 1.166946572271081,
        "alpha": 0.6414536492874416,
        "lens_angle": -3.5837099323091914
    },
    "10": {
        "x": 22.569203110940105,
        "y": 22.470331334223562,
        "z": 12.541884265304159,
        "n": 1.6040528253788473,
        "r": 1.164437154019201,
        "alpha": 0.631420660819027,
        "lens_angle": -3.566711309502923
    },
    "11": {
        "x": 22.481573879640376,
        "y": 22.32835342215415,
        "z": 13.080108379936808,
        "n": 1.6050126632538313,
        "r": 1.1622529168672882,
        "alpha": 0.6328962767508963,
        "lens_angle": -3.564993597689416
    },
    "12": {
        "x": 22.34923347197672,
        "y": 22.345528151214445,
        "z": 12.632608070023396,
        "n": 1.6064970481775873,
        "r": 1.1630553441144438,
        "alpha": 0.6279251743569798,
        "lens_angle": -3.56444015313292
    },
    "13": {
        "x": 22.363251302759533,
        "y": 22.405836896703697,
        "z": 13.22908001898451,
        "n": 1.6056783453505155,
        "r": 1.158951262141113,
        "alpha": 0.636271085888789,
        "lens_angle": -3.5645799511612277
    },
    "14": {
        "x": 22.495734891008038,
        "y": 22.348798015270052,
        "z": 11.44476032365239,
        "n": 1.6067018995492606,
        "r": 1.162169123450121,
        "alpha": 0.5962017398834311,
        "lens_angle": -3.570932745711987
    },
    "15": {
        "x": 22.33287291189463,
        "y": 22.43922416535593,
        "z": 10.71569232610109,
        "n": 1.6137179856040256,
        "r": 1.1518030064095792,
        "alpha": 0.6245697634084344,
        "lens_angle": -3.58497497498037
    },
    "16": {
        "x": 22.46913441038272,
        "y": 22.424090357618788,
        "z": 9.713684973289386,
        "n": 1.618618606651571,
        "r": 1.1340405983479247,
        "alpha": 0.605209793749677,
        "lens_angle": -3.5459488177469485
    },
    "17": {
        "x": 22.516555728396458,
        "y": 22.20153937152723,
        "z": 8.281253771734164,
        "n": 1.6432894135591745,
        "r": 1.1123678001331019,
        "alpha": 0.5870598549261185,
        "lens_angle": -3.6119150815141814
    },
    "18": {
        "x": 22.602691767450494,
        "y": 22.408243113779083,
        "z": 5.219402376122305,
        "n": 1.5680119180825265,
        "r": 1.1774657363297878,
        "alpha": 0.8322354369960089,
        "lens_angle": -3.42411043021569
    },
    "19": {
        "x": 22.431481263281515,
        "y": 22.289400784338213,
        "z": 4.634850081168609,
        "n": 1.5595249310938772,
        "r": 1.163182531512042,
        "alpha": 0.7956461101012804,
        "lens_angle": -3.5043876117878603
    },
    "20": {
        "x": 22.507716131046326,
        "y": 22.388000193816907,
        "z": 5.200452259240919,
        "n": 1.5555580836035265,
        "r": 1.1905820835603005,
        "alpha": 0.7281974071035935,
        "lens_angle": -3.4805900700489576
    },
    "21": {
        "x": 22.42555457225373,
        "y": 22.23893009513976,
        "z": 5.29466579443504,
        "n": 1.5635677502899346,
        "r": 1.1865047582093737,
        "alpha": 0.7805224457270216,
        "lens_angle": -3.440979954396845
    },
    "22": {
        "x": 22.45015585448838,
        "y": 22.33053126610827,
        "z": 4.756437796346278,
        "n": 1.5648951898226522,
        "r": 1.1722627730619013,
        "alpha": 0.7761177212741425,
        "lens_angle": -3.4587956062040788
    },
    "23": {
        "x": 22.373374267690096,
        "y": 22.260493582906395,
        "z": 4.714904950799941,
        "n": 1.568304424330748,
        "r": 1.1815051957492084,
        "alpha": 0.7527456116674589,
        "lens_angle": -3.449453202713157
    },
    "24": {
        "x": 22.519744592041178,
        "y": 22.413691566139967,
        "z": 4.492772712627003,
        "n": 1.5635712597293634,
        "r": 1.1559615602388225,
        "alpha": 0.7922299730252207,
        "lens_angle": -3.4733114522015143
    },
    "25": {
        "x": 22.424523666454192,
        "y": 22.4485470897644,
        "z": 2.8002831925705074,
        "n": 1.507181316012109,
        "r": 1.128348789351129,
        "alpha": 0.728552725481866,
        "lens_angle": -3.7073305491377937
    },
    "26": {
        "x": 22.426264005912202,
        "y": 22.563986468843506,
        "z": 2.3558718337130835,
        "n": 1.6046536849098572,
        "r": 1.191055842111595,
        "alpha": 0.34847246836776147,
        "lens_angle": -3.582161104409571
    },
    "27": {
        "x": 22.545300645788533,
        "y": 22.432333163218217,
        "z": 3.645919061116821,
        "n": 1.5550582990984587,
        "r": 1.0479716386832407,
        "alpha": 0.6253762312701613,
        "lens_angle": -3.4809169448775723
    },
    "28": {
        "x": 22.541882789832577,
        "y": 22.529663401831666,
        "z": 1.7973728567970686,
        "n": 1.6394156546081442,
        "r": 1.223205361435988,
        "alpha": 0.44134620435146266,
        "lens_angle": -3.6114697337395567
    },
    "29": {
        "x": 22.4142780089561,
        "y": 22.256660899203727,
        "z": 2.2907242426977463,
        "n": 1.4964884412406825,
        "r": 1.1227433605624373,
        "alpha": 0.747114398053464,
        "lens_angle": -3.6661344297525518
    },
    "30": {
        "x": 22.39873804919247,
        "y": 22.462117890276808,
        "z": 2.8347775752485336,
        "n": 1.6326598120117948,
        "r": 1.0902989068639988,